;baseMean;log2FoldChange;lfcSE;stat;pvalue;padj
CapafMp06.4;9.94281562107232;-3.9553599681451;1.09570139163525;-3.60988860499849;0.000306328530214334;0.00154877991150324
CPAR2_213800;40.0449706174876;-3.88198074461234;0.917280034093596;-4.23205629723347;2.31564425112148e-05;0.000169540333525148
CPAR2_703250;360.215745082299;-2.74230154630099;0.25620230464581;-10.7036568234315;9.7839211103552e-27;2.02107856079623e-24
CPAR2_402370;11.3134344007612;-4.89089492775752;1.31417048949542;-3.72165937894055;0.00019791788369121;0.00107488923875113
CPAR2_406090;8.93394775719789;-3.04840641486883;0.912153947178235;-3.341986760348;0.000831810282174039;0.00356913254606427
CPAR2_702950;23.291214902671;-2.28171594724342;0.667112656723563;-3.42028580067685;0.000625553774901967;0.00281134656879019
CPAR2_405060;22.3429050257531;-2.6113778278054;0.593280922853476;-4.40158738839196;1.07461769673761e-05;8.72975949147515e-05
CPAR2_212720;99.6349005982268;-3.11241950605833;0.411343272096497;-7.56647723978864;3.83481336638801e-14;2.07294958048489e-12
CPAR2_808120;871.052228650319;-3.60056717550972;0.807366734896938;-4.4596427123906;8.20963937024026e-06;6.86192978576151e-05
CPAR2_407570;26.9500132208455;-3.6001946968521;1.02477456592953;-3.51315773883059;0.000442814506000006;0.00210282356543845
CPAR2_402870;60.9531202030356;-2.0937127632614;0.620276671148009;-3.37544979627616;0.000736951363318406;0.0032194310312943
CPAR2_600290;33.161957538187;-2.04705888900981;0.657065104778457;-3.11545823103788;0.00183659357282467;0.00689348294952491
CPAR2_401740;632.197545848442;-2.1548969734146;0.485241618495064;-4.44087417748262;8.95941715085442e-06;7.4136292990761e-05
CPAR2_701480;12.6896615601695;-4.07382079881563;1.05303202223326;-3.86865803964433;0.000109435994748197;0.000644789271318234
CPAR2_210110;68.3852846563392;-3.0545318072351;0.598353250054726;-5.10489716059156;3.30974457860248e-07;3.94712631806944e-06
CPAR2_211610;4660.8195202611;-2.3273468832111;0.215994597441739;-10.7750235921473;4.51666316524096e-27;1.08851582282307e-24
CPAR2_300120;172.574238722775;-3.17424816796003;1.06195403128867;-2.98906362651886;0.00279833852023241;0.00962282401963392
CPAR2_102010;50.6167374017337;-2.48252853366355;0.756529312754669;-3.28147038298382;0.00103267368958408;0.00425123460537675
CapafMp16;7.99641243630925;-5.07300699570253;1.40733531835438;-3.60468960704722;0.000312526216318047;0.0015705053303072
CPAR2_600600;389.960140526664;-2.59602898539455;0.366290578890338;-7.08734850145235;1.36705823086396e-12;5.03634701103004e-11
CPAR2_402880;128.44439233224;-3.19578302632805;0.517776232040998;-6.17213156681747;6.73753966944048e-10;1.47290243400583e-08
CapafMp06.3;9.71308959722439;-4.63298637949326;1.4615134820331;-3.16999222822655;0.00152443014931913;0.00591368476436074
CPAR2_807390;43.4564279910971;-2.13677494742785;0.519389805904762;-4.11401017720333;3.88844280102915e-05;0.000264908753370467
CPAR2_300770;138.504946544842;-2.07777747449328;0.503661988279491;-4.12534104785426;3.70185780238351e-05;0.000253992236405531
CapafMp17;249.556468312214;-3.79323299844026;0.875884650671756;-4.3307449166178;1.48605753609463e-05;0.000115854526847162
CapafMp02;127.902408354583;-4.45392259143836;1.13214117322646;-3.93406997004203;8.35194527386645e-05;0.000512820079236131
CPAR2_804500;89.5061501485946;-2.25556796994698;0.50055289052342;-4.5061531211784;6.60134592668201e-06;5.69883355819832e-05
CPAR2_801290;74.5712798757672;-3.49502957637476;1.04731403738464;-3.33713618992693;0.000846464596228691;0.00361858922733684
CPAR2_301640;79.7242955498689;-2.75465417315595;0.582748005003677;-4.72700747064517;2.27852885292965e-06;2.18920446600416e-05
CPAR2_301750;8.08602120618384;-2.83080946022244;0.845637236940602;-3.34754589386806;0.000815304868851621;0.00351133533986432
CPAR2_402890;8.96433072249861;-4.02986453154465;1.23920137804603;-3.25198519218799;0.00114601992201706;0.00464511508685823
CPAR2_801735;21.9780620608152;-2.3333190263972;0.782685043947309;-2.98117236868306;0.00287147119588747;0.00982175600059914
CPAR2_213050;1407.41491598361;-3.20802161449485;0.321823349704996;-9.96826867110647;2.09854954366894e-23;3.37166960016142e-21
CPAR2_700940;2721.59398238228;-2.51806691856254;0.305698755191259;-8.23708594098502;1.7645573502769e-16;1.34292101500021e-14
CapafMp03;238.620635662138;-2.99394329848047;0.543321140960872;-5.51044874341836;3.57920028672593e-08;5.46229405235429e-07
CapafMp14;14.2752767120165;-3.72992093093261;1.04174049054695;-3.58047034244994;0.000342976272574052;0.00170720719498134
CapafMp15;225.190255746971;-3.32423346207177;0.983498187624051;-3.38000974877493;0.00072483258783318;0.00318573836476225
CPAR2_104710;1661.95286289623;-2.11315419933986;0.213052251124662;-9.91847862758982;3.4598950939722e-23;5.26632453250927e-21
CapafMp12;365.360732179784;-4.04462682990613;1.2110103227096;-3.33987807870738;0.000838151773910623;0.00358835666935532
CPAR2_805630;98.3087517220663;-3.30220043465798;1.09778334774592;-3.00806205654183;0.00262919444075206;0.00915548503630942
CPAR2_602030;30.7890456879472;-3.0521147171281;1.01865280605532;-2.99622668193225;0.00273343154794147;0.00944454484665081
CPAR2_600590;310.026808868976;-3.0511745407595;0.433290358963082;-7.04187037085556;1.89676253231708e-12;6.77214474501357e-11
CPAR2_100580;100.897937011831;-2.15457991587517;0.496605480768256;-4.33861485487838;1.43383545672539e-05;0.000112375396770998
CapafMp03.2;23.434959120869;-3.39360076139991;1.015939178747;-3.34035819505;0.000836703977598351;0.00358481170846583
CPAR2_603010;194.906785513256;-2.61515381072626;0.538810344010925;-4.85357016581931;1.21258410927218e-06;1.25466663471025e-05
CPAR2_501380;2515.6259603161;-2.03663688184931;0.191818798788878;-10.6175040960969;2.47079127833922e-26;4.92795060479794e-24
CPAR2_107360;7.16209947102331;-4.87598680182794;1.44874306488365;-3.36566705305992;0.000763588147645725;0.00331576114563279
CapafMp13;101.352347482918;-3.18087403904244;0.645047664222476;-4.93122324979905;8.17162777748646e-07;8.81804012406375e-06
CPAR2_212350;22.78535948369;-3.08494592683482;0.774155793527012;-3.98491615334941;6.75039571596853e-05;0.000425319050339455
CapafMp09;37.9823330434776;-3.85247910423589;0.776482685977181;-4.9614488176097;6.9969308406094e-07;7.70861866325424e-06
CPAR2_200650;69.3833212995556;-2.60081682916998;0.566994340285984;-4.58702432172103;4.49608320088507e-06;4.0255952374488e-05
CPAR2_102520;6.87992262572683;-3.59938896959392;1.12940201788041;-3.18698648719349;0.00143763491276765;0.0056260354096401
CPAR2_403880;48.998960819081;-2.41971589380792;0.362890078695901;-6.66790313613293;2.59483940501677e-11;7.42997580129554e-10
CapafMp01;118.16909348867;-4.32195359291607;0.961952674459845;-4.49289628031122;7.02610094477404e-06;5.99374138111155e-05
CPAR2_405880;23.6435965980273;-3.25479316728772;0.84805973375269;-3.83792914313377;0.000124076271202125;0.00071981660244041
CPAR2_204130;23.6221516502054;-2.43867632182595;0.776407859320081;-3.14097325593994;0.00168387408168423;0.00641602614523163
CapafMp03.1;34.9277390520713;-3.40398975051128;0.904024081044038;-3.76537508445581;0.000166299248248968;0.000932953299584899